구ID,신ID,대분류,중분류,비고
AUTH-01,AU01,이용대상,가입/진입,
AUTH-02,AU02,가입 약관,필수 동의,
AUTH-03,AU03,가입 약관,선택 동의,
AUTH-04,AU04,서비스 해지,자진 탈퇴,
STATUS-01,ST01,상태 및 용어,활동 상태 (접속),
STATUS-02,ST02,상태 및 용어,몰입 상태,
STATUS-03,ST03,상태 및 용어,휴식(세션 참여),
STATUS-04,ST04,상태 및 용어,미참여,
SIDE-H-01,SH01,사이드바(홈),명언,
SIDE-G-01,SG01,사이드바(그룹방),작업 공개여부 설정,
SIDE-C-01,SD01,사이드바 (공통),프로필 캐릭터,
SIDE-C-02,SD02,사이드바 (공통),작업 설정,
SIDE-C-03,SD03,사이드바 (공통),작업 달성률,
SIDE-C-04,SD04,사이드바 (공통),작업 누적 시건,
SIDE-C-05,SD05,사이드바 (공통),개인 타이머 강제 종료,
TIMER-01,TM01,개인타이머,시작 조건,
TIMER-02,TM02,개인타이머,누적 반영,
HOME-01,HM01,홈-그룹목록,목록 API,
HOME-02,HM02,홈-그룹목록,라운지 실시간,
HOME-03,HM03,홈-그룹목록,빈/로딩,
HOME-04,HM04,홈-그룹목록,생성 CTA,
HOME-05,HM05,홈-그룹목록,생성 후 초대,
GROUP-H01,GH01,홈-그룹목록,몰입/휴식 배지,
GROUP-H02,GH02,홈-그룹목록,인원 표시,
GROUP-H03,GH03,홈-그룹목록,프로필 5+n,
GROUP-S01,GS01,홈-그룹목록,일반 그룹 입장,
LOUNGE-03,LN03,홈-그룹목록,라운지 입장,
GROUP-L01,GL01,홈-그룹목록,그룹 탈퇴,
GROUP-M01,GM01,홈-그룹목록,방장 뱃지,
MATE-01,MT01,홈-메이트,목록,
LOUNGE-12,LN15,홈-메이트,그룹 필터,
MATE-02,MT02,홈-메이트,검색,
POKE-01,PK01,홈-메이트,콕 찌르기,
LOUNGE-01,LN01,공식라운지,정체,
LOUNGE-02,LN02,공식라운지,정원,
LOUNGE-03,LN03,공식라운지,입장,
LOUNGE-04,LN04,공식라운지,퇴장,
LOUNGE-05,LN05,공식라운지,홈 UI,
LOUNGE-06,LN06,공식라운지,참여상태,
LOUNGE-07,LN07,공식라운지,페이지 상단 기능,
LOUNGE-08,LN08,공식라운지,집중체크,
LOUNGE-09,LN09,공식라운지,집중체크 수신,
LOUNGE-10,LN10,공식라운지,응원,
LOUNGE-11,LN11,공식라운지,초대,
LOUNGE-12,LN12,공식라운지,초대 링크,
LOUNGE-13,LN13,공식라운지,멤버카드,
LOUNGE-14,LN14,공식라운지,멤버카드 lastActiveAt,
LOUNGE-15,LN15,공식라운지,메이트 필터,
LOUNGE-16,LN16,공식라운지,입장 거절 로그,
GROUP-01,GR01,그룹방_생성,생성 필드,
GROUP-02,GR02,그룹방_생성,기본값,
GROUP-03,GR03,그룹방_생성,방장 부여,
GROUP-J01,GJ01,그룹방_가입,링크 가입,
GROUP-J02,GJ02,그룹방_가입,내부 초대,
GROUP-J03,GJ03,그룹방_가입,정원 강제,
GROUP-J04,GJ04,그룹방_가입,초대 권한,
GROUP-S01,GS01,그룹방_세션,입장,
GROUP-S02,GS02,그룹방_세션,세션 퇴장,
GROUP-S03,GS03,그룹방_세션,탭 종료,
GROUP-L01,GL01,그룹방_탈퇴,일반 멤버 (방장 외),
GROUP-L02,GL02,그룹방_탈퇴,방장,
GROUP-L03,GL03,그룹방_탈퇴,유저 단독으로 있을 때,
GROUP-L04,GL04,그룹방_방장 이양,확인,
GROUP-M01,GM01,그룹방_관리,이름/이미지,
GROUP-M02,GM02,그룹방_관리,집중체크 알림,
GROUP-M03,GM03,그룹방_관리,집중체크 수신자,
GROUP-M04,GM04,그룹방_관리,그룹 목표,
GROUP-M05,GM05,그룹방_관리,그룹 삭제,
GROUP-H01,GH01,그룹방_홈UI,몰입/휴식 배지,
GROUP-H02,GH02,그룹방_홈UI,인원 표시,
GROUP-H03,GH03,그룹방_홈UI,프로필 5+n,
GROUP-R01,GP01,그룹방_방안UI,인원 카운트,
GROUP-P01,GP02,그룹방_방안UI,본인 정렬,
MCARD-01,MC01,그룹방_멤버카드,상단-프로필,
MCARD-02,MC02,그룹방_멤버카드,상단-방장,
MCARD-03,MC03,그룹방_멤버카드,상단-응원,
MCARD-04,MC04,그룹방_멤버카드,상단-캐릭터,
MCARD-05,MC05,그룹방_멤버카드,하단-상태문구,
MCARD-06,MC06,그룹방_멤버카드,하단-시간표시,
MCARD-07,MC07,그룹방_멤버카드,시간-비공개,
MCARD-08,MC08,그룹방_멤버카드,할일-비공개,
MCARD-09,MC09,그룹방_멤버카드,최근참여 표시,
MCARD-10,MC10,그룹방_멤버카드,동기화,
GROUP-X01,GX01,그룹방_나가기경고,타이머 중 이탈,
GTIMER-01,GT01,그룹 타이머,시작 인원,
GTIMER-02,GT02,그룹 타이머,모달 문구,
GTIMER-03,GT03,그룹 타이머,제어 권한,
GTIMER-04,GT04,그룹 타이머,활성 세션,
GTIMER-05,GT05,그룹 타이머,목표시간,
GTIMER-06,GT06,그룹 타이머,자동 종료,
GTIMER-07,GT07,그룹 타이머,퇴장 시 유지,
GTIMER-08,GT08,그룹 타이머,마지막 유저 퇴장,
POKE-01,PK01,콕 찌르기,버튼 활성화,
POKE-02,PK02,콕 찌르기,대상 방 목록,
POKE-03,PK03,콕 찌르기,몰입 중 방 초대 비활성,
POKE-04,PK04,콕 찌르기,송신 후 이동,
POKE-05,PK05,콕 찌르기,수신,
CHEER-01,CH01,응원하기,리셋 조건,
CHEER-02,CH02,응원하기,전송 조건,
INVITE-01,IV01,초대,외부 링크,
INVITE-02,IV02,초대,내부 초대,
MATE-01,MT01,메이트 검색,부분일치,
ONBOARD-01,OB01,온보딩·라우팅,분기,
CHAR-01,CR01,캐릭터,성장 기준,
CHAR-02,CR02,캐릭터,단계,
SIDE-C-01,SD01,캐릭터,노출,
CHAR-03,CR03,캐릭터,비정상 종료,
CHAR-04,CR04,캐릭터,해재 시점,
TODO-01,TD01,할일-접근,메뉴 진입,
TODO-02,AU05,할일-접근,로그인 필요,
TODO-03,TD03,할일-접근,모바일,
TODO-04,TD04,할일-필터,오늘/전체,
TODO-05,TD05,할일-필터,오늘 목록,
TODO-06,TD06,할일-필터,전체 목록,
TODO-07,TD07,할일-필터,카테고리 선택,
TODO-08,TD08,할일-카테고리,생성,
TODO-09,TD09,할일-카테고리,이름 제한,
TODO-10,TD10,할일-카테고리,개수 제한,
TODO-11,TD11,할일-카테고리,수정,
TODO-12,TD12,할일-카테고리,삭제,
TODO-13,TD13,할일-카테고리,순서 변경,
TODO-14,TD14,할일-카테고리,접기 상태,
TODO-15,TD15,할일-작업,생성,
TODO-16,TD16,할일-작업,제목 제한,
TODO-17,TD17,할일-작업,목표시간,
TODO-18,TD18,할일-작업,날짜,
TODO-19,TD19,할일-작업,개수 제한,
TODO-20,TD20,할일-작업,수정,
TODO-21,TD21,할일-작업,삭제,
TODO-22,TD22,할일-작업,완료 토글,
TODO-23,TD23,할일-작업,완료 UI,
TODO-24,TD24,할일-작업,달성률,
TODO-25,TD25,할일-작업,누적시간 표시,
TODO-26,TD26,할일-작업,누적시간 증가,
TODO-27,TD27,할일-작업,드래그이동,
TODO-28,TD28,할일-작업,오늘하기,
TODO-29,TD29,할일-작업,과거날짜 추가제한,
TODO-30,TD30,할일-작업,빈 목록,
SIDE-C-02,SD02,할일-연동,사이드바 선택,
TIMER-01,TM01,할일-연동,타이머 연동,
AUTH-05,AU05,할일-접근,로그인 필요,
REPORT-01,RP01,집중리포트-접근,메뉴 진입,
REPORT-02,AU05,집중리포트-접근,로그인 필요,
REPORT-03,RP03,집중리포트-접근,약관 언급,
REPORT-04,RP04,집중리포트-히트맵,데이터 소스,
REPORT-05,RP05,집중리포트-히트맵,집계 대상,
REPORT-06,RP06,집중리포트-히트맵,기간,
REPORT-07,RP07,집중리포트-히트맵,그리드,
REPORT-08,RP08,집중리포트-히트맵,색상 레벨,
REPORT-09,RP09,집중리포트-히트맵,툴팁,
REPORT-10,RP10,집중리포트-히트맵,캐시,
AUTH-05,RP34,집중리포트-히트맵,이슈-데이터잘림,
MYPAGE-01,MY01,마이페이지-접근,메뉴 진입,
MYPAGE-02,AU05,마이페이지-접근,로그인 필요,
MYPAGE-03,MY03,마이페이지-접근,현재 페이지 표시,
AUTH-04,MY38,마이페이지-프로필,표시 항목,
MYPAGE-B01,MY04,마이페이지-프로필,완료 작업 수,
MYPAGE-B02,MY05,마이페이지-프로필,완료한 시간,
MYPAGE-T01,SD01,마이페이지-프로필,대표 캐릭터,
MYPAGE-T02,MY07,마이페이지-프로필,프로필 수정,
MATE-01,MY33,마이페이지-프로필,닉네임 제한,
MATE-02,MY34,마이페이지-프로필,이메일 제한,
POKE-01,MY35,마이페이지-프로필,이미지 업로드,
MYPAGE-M06,MY36,마이페이지-프로필,계정설정,
SIDE-C-01,MY37,마이페이지-프로필,로그아웃,
AUTH-05,MY14,마이페이지-탈퇴,1단계,
