대분류,중분류,내용(쉬운 설명),내용(코드/구현),구현 여부,출처/위치,중복 정책(대분류-중분류),비고
집중리포트-접근,메뉴 진입,헤더 '집중 리포트' → /record,HeaderButton href=/record,구현됨(FE),Header.tsx,,
집중리포트-접근,로그인 필요,refresh 토큰 없으면 /login,middleware !refreshValid,구현됨(FE),middleware.ts,이용대상-가입/진입,
집중리포트-접근,약관 언급,개인정보처리방침에 타이머 로그·집중 리포트 분석 명시,agreementTexts.ts,구현됨(FE),agreements/constants,,
집중리포트-레이아웃,페이지 구성,상단 몰입기록 히트맵 + 하단 대시보드 + FAB,RecordMain + DashBoradMain + FloatingButtons,구현됨(FE),record/page.tsx,마이페이지-공통-FAB,
집중리포트-레이아웃,최대 너비,max-w 1440px 중앙 정렬,page.tsx container,구현됨(FE),record/page.tsx,,
집중리포트-히트맵,데이터 소스,focus_interval 기반 일별 몰입 시간(초),GET /api/records/daily · FocusIntervalRepository,구현됨(FE+BE),useDailyRecords · FocusRecordServiceImpl,,
집중리포트-히트맵,집계 대상,FOCUS·NORMAL phase만 포함 · BREAK 제외,SQL phase_type IN (FOCUS; NORMAL),구현됨(BE),FocusIntervalRepository,,
집중리포트-히트맵,기간,당해 연도 1/1~12/31 전체 일별(없는 날 0),Year.now() 범위 · 연도 선택 UI 없음,구현됨(FE+BE),FocusRecordServiceImpl · recordBoard,,
집중리포트-히트맵,그리드,53열×7행 GitHub 스타일 캘린더,COLS=53 ROWS=7 · dayOfWeek 월=1,구현됨(FE),recordBoard.tsx,,
집중리포트-히트맵,색상 레벨,0~1h / 1~3h / 3~6h / 6~9h / 9h+ 5단계,secondsToLevel · recordLegend,구현됨(FE),recordBoard · recordLegend,,
집중리포트-히트맵,툴팁,날짜별 몰입 시간 XXh YYm 표시,RecordToolTip formatHMS,구현됨(FE),recordToolTip.tsx,,
집중리포트-히트맵,캐시,5분 staleTime,useDailyRecords staleTime 5min,구현됨(FE),useDailyRecords.ts,,
집중리포트-히트맵,이슈-데이터잘림,col>=53 셀 버림 · 윤년+연초요일에 말일 누락 가능,recordBoard col<COLS 조건,구현됨(FE),recordBoard.tsx,,
집중리포트-대시보드,탭,오늘(기본)·이번 주·이번 달·전체,tabs.tsx · rangeType TODAY/WEEK/MONTH/ALL,구현됨(FE+BE),tabs.tsx · DashboardRangeType,,
집중리포트-대시보드,기간-오늘,오늘 00:00~23:59:59.999,DashboardRange.of(TODAY),구현됨(BE),DashboardRange.java,,
집중리포트-대시보드,기간-이번주,이번 주 월요일 00:00 ~ 다음 월요일 직전,서버 LocalDate 기준,구현됨(BE),DashboardRange.java,,
집중리포트-대시보드,기간-이번달,이번 달 1일 ~ 다음 달 1일 직전,서버 LocalDate 기준,구현됨(BE),DashboardRange.java,,
집중리포트-대시보드,기간-전체,1970-01-01 ~ now,ALL range,구현됨(BE),DashboardRange.java,,
집중리포트-대시보드,API,GET /api/records/dashboard?rangeType=,FocusRecordController.getDashboard,구현됨(FE+BE),api/records · FocusRecordServiceImpl,,
집중리포트-대시보드,리페치,마운트·포커스 시 항상 refetch,staleTime 0 refetchOnMount always,구현됨(FE),useRecordDashboard.ts,,
집중리포트-요약카드,총 몰입시간,선택 기간 focus_session.total_duration 합,summary.totalSeconds,구현됨(FE+BE),cards.tsx · FocusSessionRepository,,
집중리포트-요약카드,모각작 몰입,그룹 참여 세션 시간 합,participationType=GROUP,구현됨(FE+BE),cards.tsx · sumGroupSeconds,그룹타이머-세션,
집중리포트-요약카드,개인 몰입,개인 세션 시간 합,participationType=INDIVIDUAL,구현됨(FE+BE),cards.tsx · sumPersonalSeconds,개인타이머-세션,
집중리포트-요약카드,완료한 작업,기간 내 todo.date·isCompleted=true 건수,summary.completedTodoCount,구현됨(FE+BE),cards.tsx · TodoRepository,할일-작업-완료토글,
집중리포트-요약카드,표시포맷,시간=XXh YYm · 작업=N개,formatHMS,구현됨(FE),formatHMS.tsx,,
집중리포트-차트,시간대별,0~23시 막대 그래프,hourlyFocus · splitIntervalByHour,구현됨(FE+BE),stickGraphs.tsx · FocusRecordServiceImpl,,
집중리포트-차트,시간대 phase,FOCUS/BREAK/NORMAL 모두 포함(히트맵과 다름),splitIntervalByHour phase 필터 없음,구현됨(BE),FocusRecordServiceImpl,,
집중리포트-차트,Y축 제한,막대 Y축 0~60분 고정 · 60분 초과 시 클리핑,stickGraphs max:60,구현됨(FE),stickGraphs.tsx,,
집중리포트-차트,카테고리 도넛,카테고리별 focus_session.total_duration 비율,categoryFocus · getRawCategoryStats,구현됨(FE+BE),donutGraph · CategoryRepository,할일-카테고리-색상,
집중리포트-차트,도넛 라벨,1% 미만 라벨 숨김,donutGraph threshold,구현됨(FE),donutGraph.tsx,,
집중리포트-차트,카테고리 달성,카테고리별 완료/전체 할 일 수,completedTodoCount/totalTodoCount · todo.date 기간,구현됨(FE+BE),categoryStats.tsx · CategoryRepository,할일-작업-완료토글,
집중리포트-차트,카테고리 리스트,높이 274px 스크롤·이름 150px truncate,categoryStats.tsx,구현됨(FE),categoryStats.tsx,,
집중리포트-데이터,세션 기준,몰입 시간=focus_session·focus_interval (타이머 로그),started_at BETWEEN 기간 필터,구현됨(BE),FocusRecordServiceImpl,개인타이머-세션,
집중리포트-데이터,할일 기준,완료 작업 수=todo.date·isCompleted (actualTime 아님),TodoRepository countCompletedByUserBetween,구현됨(BE),TodoRepository,할일-작업-완료토글,
집중리포트-데이터,미사용필드,dashboard 응답 dailyFocus FE 미사용,히트맵은 /daily 별도 호출,구현됨(BE),DashboardResponse · chartMain,,
집중리포트-데이터,마이페이지와 차이,마이페이지 누적=todo.actualTime 합 · 리포트=focus_session,서로 다른 데이터 소스,구현됨(FE+BE),MyPageServiceImpl vs FocusRecordServiceImpl,마이페이지-프로필-완료시간 · 캐릭터-성장기준,
집중리포트-이슈,그룹타이머,그룹 공유 타이머(group_focus_session)는 리포트 집계에 별도 미포함,개인/그룹 participationType만 구분,구현됨(BE),FocusSession participationType,그룹타이머-세션,
